url_path,views_total,views_unique
/OSU-Nowlab/Flover,22,10
/OSU-Nowlab/Flover/fork,9,1
/OSU-Nowlab/Flover/tree/github-repo-stats/OSU-Nowlab/Flover,4,1
/OSU-Nowlab/Flover/tree/main/src,4,1
/OSU-Nowlab/Flover/tree/main/src/flover/kernels,4,1
/OSU-Nowlab/Flover/blob/main/README.md,3,1
/OSU-Nowlab/Flover/issues,2,2
/OSU-Nowlab/Flover/blob/ea6f41e1f2363610f6f91e42cf1fa9ba12235444/flover_runtime/test_flover.cc,2,1
/OSU-Nowlab/Flover/blob/ea6f41e1f2363610f6f91e42cf1fa9ba12235444/src/flover/utils/gemm.h,2,1
/OSU-Nowlab/Flover/blob/main/flover_runtime/test_flover.cc,2,1
